Workbook

Sheet Student Names
A1: Student id | B1: Student Name
A2: 25427 | B2: TERESA MARIA BRANCO CANDEIAS
A3: 37840 | B3: CAROLINA VELHINHO DE ABREU PIMENTA
A4: 43962 | B4: RITA ISABEL DUARTE CAVACO
A5: 50056 | B5: JANETE LOURENÇO GUERREIRO
A6: 61482 | B6: JESSICA ALEXANDRA SANTOS PALMEIRO
A7: 71077 | B7: SOFIA MARGARIDA LEITE GONÇALVES
A8: 75206 | B8: MARIANA FILIPA COELHO GONÇALVES
A9: 75293 | B9: JOÃO PEDRO CANTANTE CORDEIRO
A10: 76045 | B10: CÁTIA SOFIA ROQUE DIAS
A11: 79511 | B11: DANIELA SOFIA GUIA LOPES CALHAU
A12: 79545 | B12: DIOGO ALEXANDRE TREJEIRA SERRA
A13: 79585 | B13: CATARINA ISABEL MARTINS ENCARNAÇÃO
... A31: 92244 | B31: JOANA SOFIA DE MAGALHÃES ANTUNES

Sheet Pauta 1
A1: Student id | B1: Grade
A2: 25427 | B2: 16
A3: 37840 | B3: 18
A4: 43962 | B4: 17
A5: 50056 | B5: 17
A6: 61482 | B6: 19
A7: 71077 | B7: 19
A8: 75206 | B8: 17
A9: 75293 | B9: 17
A10: 76045 | B10: 18
A11: 76060
A12: 79511 | B12: 18
A13: 79516
A14: 79545 | B14: 17
A15: 79585 | B15: 18
A16: 79601 | B16: 19
A17: 79618 | B17: 17
A18: 79676 | B18: 19
A19: 79679 | B19: 18
A20: 79684 | B20: 18
A21: 79694 | B21: 19
A22: 80551 | B22: 18
A23: 81402 | B23: 16
A24: 81407 | B24: 17
A25: 81768 | B25: 19
A26: 91681
A27: 91683 | B27: 18
A28: 91684 | B28: 16
A29: 91685 | B29: 19
A30: 92026 | B30: 18
A31: 92027 | B31: 15
A32: 92029 | B32: 17
A33: 92244 | B33: 18

Sheet Pauta 2
A1: Student id | B1: Grade
A2: 25427 | B2: 12
A3: 37840 | B3: 16
A4: 43962 | B4: 16
A5: 50056 | B5: 16
A6: 61482 | B6: 18
A7: 71077 | B7: 19
A8: 75206 | B8: 15
A9: 75293 | B9: 16
A10: 76045 | B10: 13
A11: 79511 | B11: 16
A12: 79545 | B12: 16
A13: 79585 | B13: 16
... A30: 92244 | B30: 15

Sheet Pauta 3
A1: Student id | B1: Grade
A2: 79694 | B2: 18
A3: 79618 | B3: 15
A4: 80551 | B4: 16
A5: 37840 | B5: 17
A6: 79676 | B6: 17
A7: 79585 | B7: 18
A8: 81407 | B8: 14
A9: 76045 | B9: 17
A10: 79511 | B10: 17
A11: 81768 | B11: 19
A12: 79545 | B12: 16
A13: 79601 | B13: 19
A14: 91685 | B14: 16
A15: 91681
A16: 50056 | B16: 18
A17: 61482 | B17: 18
A18: 92244 | B18: 18
A19: 75293 | B19: 16
A20: 76060
A21: 79679 | B21: 16
A22: 92026 | B22: 18
A23: 81402 | B23: 16
A24: 75206 | B24: 16
A25: 79516
A26: 91683 | B26: 18
A27: 43962
A28: 79684 | B28: 16
A29: 92027 | B29: 15
A30: 71077 | B30: 17
A31: 92029
A32: 25427

Sheet Pauta 4
A1: Student id | B1: Grade
A2: 37840 | B2: 14
A3: 79676 | B3: 15
A4: 76045 | B4: 14
A5: 81768 | B5: 18
A6: 79601 | B6: 18
A7: 50056 | B7: 16
A8: 92244 | B8: 15
A9: 76060
A10: 79679 | B10: 14
A11: 91684
A12: 91683 | B12: 16
A13: 43962 | B13: 15
A14: 79684 | B14: 17
A15: 71077 | B15: 18
A16: 92029 | B16: 16
A17: 25427

Sheet Pauta 5
A1: Student id | B1: Grade
A2: 61482 | B2: 18
A3: 75206 | B3: 16
A4: 75293 | B4: 18
A5: 79511 | B5: 18
A6: 79545 | B6: 18
A7: 79585 | B7: 18
A8: 79618 | B8: 15
A9: 79694 | B9: 19
A10: 80551 | B10: 17
A11: 81402 | B11: 15
A12: 81407 | B12: 15
A13: 91681
A14: 91685 | B14: 14
A15: 92026 | B15: 17
A16: 92027 | B16: 13

Sheet Pauta 6
A1: Student id | B1: Grade
A2: 79694 | B2: 18
A3: 42219
A4: 79618 | B4: 17
A5: 80551 | B5: 17
A6: 37840 | B6: 17
A7: 79676 | B7: 16
A8: 79585 | B8: 18
A9: 81407 | B9: 15
A10: 76045 | B10: 15
A11: 79511 | B11: 16
A12: 81768 | B12: 18
A13: 79545 | B13: 17
A14: 79601 | B14: 18
A15: 91685 | B15: 16
A16: 91681
A17: 50056 | B17: 17
A18: 61482 | B18: 17
A19: 92244 | B19: 17
A20: 75293 | B20: 19
A21: 76060
A22: 79679 | B22: 16
A23: 92026 | B23: 18
A24: 81402 | B24: 17
A25: 91684
A26: 75206 | B26: 16
A27: 79516
A28: 91683 | B28: 18
A29: 43962 | B29: 16
A30: 79684 | B30: 16
A31: 92027 | B31: 15
A32: 71077 | B32: 18
A33: 92029 | B33: 16
A34: 25427 | B34: 15

Sheet Exam 1

Sheet Exam 2

Sheet Exam 3

Sheet Exam 4

Sheet Exam 5

Sheet Exam 6

Sheet AVGs
A1: Student id | B1: Student Name | C1: Pauta 1 | D1: Pauta 2 | E1: Pauta 3 | F1: Pauta 4 | G1: Pauta 5 | H1: Pauta 6 | I1: Pauta Count | J1: Final Avg
A2: {=StudentNames[Student id]} -> 25427 | B2: {=StudentNames[Student Name]} -> TERESA MARIA BRANCO CANDEIAS | C2: {=_xlfn.LET(_xlpm.x,_xlfn.XLOOKUP(A2:A31,'Pauta 1'!A2:A33,'Pauta 1'!B2:B33,"",0),IF(_xlpm.x="","",_xlpm.x))} -> 16 | D2: {=_xlfn.LET(_xlpm.x,_xlfn.XLOOKUP(A2:A31,'Pauta 2'!A2:A30,'Pauta 2'!B2:B30,"",0),IF(_xlpm.x="","",_xlpm.x))} -> 12 | E2: {=_xlfn.LET(_xlpm.x,_xlfn.XLOOKUP(AVGs!A2:A31,'Pauta 3'!A2:A32,'Pauta 3'!B2:B32,"",0),IF(_xlpm.x="","",_xlpm.x))} | F2: {=_xlfn.LET(_xlpm.x,_xlfn.XLOOKUP(A2:A31,'Pauta 4'!A2:A17,'Pauta 4'!B2:B17,"",0),IF(_xlpm.x="","",_xlpm.x))} | G2: {=_xlfn.LET(_xlpm.x,_xlfn.XLOOKUP(A2:A31,'Pauta 5'!A2:A16,'Pauta 5'!B2:B16,"",0),IF(_xlpm.x="","",_xlpm.x))} | H2: {=_xlfn.LET(_xlpm.x,_xlfn.XLOOKUP(AVGs!A2:A31,'Pauta 6'!A2:A34,'Pauta 6'!B2:B34,"",0),IF(_xlpm.x="","",_xlpm.x))} -> 15 | I2: =COUNT(C2:H2) -> 3 | J2: =AVERAGE(C2:H2) -> 14.333333
A3: 37840 | B3: CAROLINA VELHINHO DE ABREU PIMENTA | C3: 18 | D3: 16 | E3: 17 | F3: 14 | H3: 17 | I3: =COUNT(C3:H3) -> 5 | J3: =AVERAGE(C3:H3) -> 16.4
A4: 43962 | B4: RITA ISABEL DUARTE CAVACO | C4: 17 | D4: 16 | F4: 15 | H4: 16 | I4: =COUNT(C4:H4) -> 4 | J4: =AVERAGE(C4:H4) -> 16
A5: 50056 | B5: JANETE LOURENÇO GUERREIRO | C5: 17 | D5: 16 | E5: 18 | F5: 16 | H5: 17 | I5: =COUNT(C5:H5) -> 5 | J5: =AVERAGE(C5:H5) -> 16.8
A6: 61482 | B6: JESSICA ALEXANDRA SANTOS PALMEIRO | C6: 19 | D6: 18 | E6: 18 | G6: 18 | H6: 17 | I6: =COUNT(C6:H6) -> 5 | J6: =AVERAGE(C6:H6) -> 18
A7: 71077 | B7: SOFIA MARGARIDA LEITE GONÇALVES | C7: 19 | D7: 19 | E7: 17 | F7: 18 | H7: 18 | I7: =COUNT(C7:H7) -> 5 | J7: =AVERAGE(C7:H7) -> 18.2
A8: 75206 | B8: MARIANA FILIPA COELHO GONÇALVES | C8: 17 | D8: 15 | E8: 16 | G8: 16 | H8: 16 | I8: =COUNT(C8:H8) -> 5 | J8: =AVERAGE(C8:H8) -> 16
A9: 75293 | B9: JOÃO PEDRO CANTANTE CORDEIRO | C9: 17 | D9: 16 | E9: 16 | G9: 18 | H9: 19 | I9: =COUNT(C9:H9) -> 5 | J9: =AVERAGE(C9:H9) -> 17.2
A10: 76045 | B10: CÁTIA SOFIA ROQUE DIAS | C10: 18 | D10: 13 | E10: 17 | F10: 14 | H10: 15 | I10: =COUNT(C10:H10) -> 5 | J10: =AVERAGE(C10:H10) -> 15.4
A11: 79511 | B11: DANIELA SOFIA GUIA LOPES CALHAU | C11: 18 | D11: 16 | E11: 17 | G11: 18 | H11: 16 | I11: =COUNT(C11:H11) -> 5 | J11: =AVERAGE(C11:H11) -> 17
A12: 79545 | B12: DIOGO ALEXANDRE TREJEIRA SERRA | C12: 17 | D12: 16 | E12: 16 | G12: 18 | H12: 17 | I12: =COUNT(C12:H12) -> 5 | J12: =AVERAGE(C12:H12) -> 16.8
A13: 79585 | B13: CATARINA ISABEL MARTINS ENCARNAÇÃO | C13: 18 | D13: 16 | E13: 18 | G13: 18 | H13: 18 | I13: =COUNT(C13:H13) -> 5 | J13: =AVERAGE(C13:H13) -> 17.6
A14: 79601 | B14: INÊS JOSÉ CONDEÇA BARRADAS | C14: 19 | D14: 19 | E14: 19 | F14: 18 | H14: 18 | I14: =COUNT(C14:H14) -> 5 | J14: =AVERAGE(C14:H14) -> 18.6
A15: 79618 | B15: ANAÍSA FIRMINO MARTINS DIOGO | C15: 17 | D15: 14 | E15: 15 | G15: 15 | H15: 17 | I15: =COUNT(C15:H15) -> 5 | J15: =AVERAGE(C15:H15) -> 15.6
A16: 79676 | B16: CATARINA ANA FERNANDES PINTO | C16: 19 | D16: 15 | E16: 17 | F16: 15 | H16: 16 | I16: =COUNT(C16:H16) -> 5 | J16: =AVERAGE(C16:H16) -> 16.4
A17: 79679 | B17: LINA SHALAYKO | C17: 18 | D17: 15 | E17: 16 | F17: 14 | H17: 16 | I17: =COUNT(C17:H17) -> 5 | J17: =AVERAGE(C17:H17) -> 15.8
A18: 79684 | B18: RITA VIEIRA SILVA | C18: 18 | D18: 16 | E18: 16 | F18: 17 | H18: 16 | I18: =COUNT(C18:H18) -> 5 | J18: =AVERAGE(C18:H18) -> 16.6
A19: 79694 | B19: ALICE DO CARMO PALMA | C19: 19 | D19: 17 | E19: 18 | G19: 19 | H19: 18 | I19: =COUNT(C19:H19) -> 5 | J19: =AVERAGE(C19:H19) -> 18.2
A20: 80551 | B20: BEATRIZ ALEXANDRA CAMPOS GONÇALVES | C20: 18 | D20: 14 | E20: 16 | G20: 17 | H20: 17 | I20: =COUNT(C20:H20) -> 5 | J20: =AVERAGE(C20:H20) -> 16.4
A21: 81402 | B21: MADALENA LESTON MACHADO PEREIRA | C21: 16 | D21: 13 | E21: 16 | G21: 15 | H21: 17 | I21: =COUNT(C21:H21) -> 5 | J21: =AVERAGE(C21:H21) -> 15.4
A22: 81407 | B22: CATARINA MOURÃO MARQUES | C22: 17 | D22: 14 | E22: 14 | G22: 15 | H22: 15 | I22: =COUNT(C22:H22) -> 5 | J22: =AVERAGE(C22:H22) -> 15
A23: 81768 | B23: DANIELA SOFIA RODRIGUES AUGUSTO | C23: 19 | D23: 18 | E23: 19 | F23: 18 | H23: 18 | I23: =COUNT(C23:H23) -> 5 | J23: =AVERAGE(C23:H23) -> 18.4
A24: 91681 | B24: JAISMÉLIA PINTO FENIX | D24: 5 | I24: =COUNT(C24:H24) -> 1 | J24: =AVERAGE(C24:H24) -> 5
A25: 91683 | B25: RENAN CARREIRO ALVES | C25: 18 | D25: 16 | E25: 18 | F25: 16 | H25: 18 | I25: =COUNT(C25:H25) -> 5 | J25: =AVERAGE(C25:H25) -> 17.2
A26: 91684 | B26: MARIA CATHERINE LACERDA ALBUQUERQUE | C26: 16 | I26: =COUNT(C26:H26) -> 1 | J26: =AVERAGE(C26:H26) -> 16
A27: 91685 | B27: ISADORA RODRIGUES ROSSI | C27: 19 | D27: 15 | E27: 16 | G27: 14 | H27: 16 | I27: =COUNT(C27:H27) -> 5 | J27: =AVERAGE(C27:H27) -> 16
A28: 92026 | B28: LIVIA RUSU | C28: 18 | D28: 15 | E28: 18 | G28: 17 | H28: 18 | I28: =COUNT(C28:H28) -> 5 | J28: =AVERAGE(C28:H28) -> 17.2
A29: 92027 | B29: SÉRGIO MAURÍCIO RAMADE BORDALLO | C29: 15 | D29: 11 | E29: 15 | G29: 13 | H29: 15 | I29: =COUNT(C29:H29) -> 5 | J29: =AVERAGE(C29:H29) -> 13.8
A30: 92029 | B30: TELMA CARINA MARCELO FERNANDES | C30: 17 | D30: 17 | F30: 16 | H30: 16 | I30: =COUNT(C30:H30) -> 4 | J30: =AVERAGE(C30:H30) -> 16.5
A31: 92244 | B31: JOANA SOFIA DE MAGALHÃES ANTUNES | C31: 18 | D31: 15 | E31: 18 | F31: 15 | H31: 17 | I31: =COUNT(C31:H31) -> 5 | J31: =AVERAGE(C31:H31) -> 16.6

Sheet Ranking
A1: Student id | B1: Student Name | C1: Avg | D1: Pauta Count
A2: {=_xlfn.SORTBY(CHOOSE({1,2,3,4},_xlfn.ANCHORARRAY(AVGs!A2),_xlfn.ANCHORARRAY(AVGs!B2),AVGs!J2:J31,AVGs!I2:I31),AVGs!J2:J31,-1)} -> 79601 | B2: INÊS JOSÉ CONDEÇA BARRADAS | C2: 18.6 | D2: 5
A3: 81768 | B3: DANIELA SOFIA RODRIGUES AUGUSTO | C3: 18.4 | D3: 5
A4: 71077 | B4: SOFIA MARGARIDA LEITE GONÇALVES | C4: 18.2 | D4: 5
A5: 79694 | B5: ALICE DO CARMO PALMA | C5: 18.2 | D5: 5
A6: 61482 | B6: JESSICA ALEXANDRA SANTOS PALMEIRO | C6: 18 | D6: 5
A7: 79585 | B7: CATARINA ISABEL MARTINS ENCARNAÇÃO | C7: 17.6 | D7: 5
A8: 75293 | B8: JOÃO PEDRO CANTANTE CORDEIRO | C8: 17.2 | D8: 5
A9: 91683 | B9: RENAN CARREIRO ALVES | C9: 17.2 | D9: 5
A10: 92026 | B10: LIVIA RUSU | C10: 17.2 | D10: 5
A11: 79511 | B11: DANIELA SOFIA GUIA LOPES CALHAU | C11: 17 | D11: 5
A12: 50056 | B12: JANETE LOURENÇO GUERREIRO | C12: 16.8 | D12: 5
A13: 79545 | B13: DIOGO ALEXANDRE TREJEIRA SERRA | C13: 16.8 | D13: 5
A14: 79684 | B14: RITA VIEIRA SILVA | C14: 16.6 | D14: 5
... A31: 91681 | B31: JAISMÉLIA PINTO FENIX | C31: 5 | D31: 1
